{"Val AUC": 0.8345541670551597, "Epoch": 40, "_timestamp": 1680768994.3451178, "_runtime": 3539.914135694504, "_step": 40}