{"Val AUC": 0.8536428837406934, "Epoch": 49, "_timestamp": 1680765414.004287, "_runtime": 4230.370426893234, "_step": 51, "Best Val AUC": 0.8960435462783158, "Test AUC": 0.8782686737167177, "_wandb": {"runtime": 4229}}